id,event_name,start_date,end_date
1,accumsan odio,09-04-2024,11-05-2024
2,morbi odio odio,04-06-2024,12-02-2024
3,quam pede lobortis ligula,10-01-2024,10-09-2024
4,sit amet cursus,25-01-2024,17-05-2024
5,aliquam lacus morbi quis,16-07-2024,01-08-2024
6,suspendisse potenti cras in,04-07-2024,03-06-2024
7,justo nec,16-04-2024,23-06-2024
8,nam ultrices libero non,06-04-2024,26-08-2024
9,viverra pede ac diam,01-04-2024,28-04-2024
10,amet consectetuer,18-02-2024,18-01-2024
11,tempor convallis nulla,18-04-2024,01-08-2024
12,turpis integer aliquet massa,25-03-2024,12-06-2024
13,in blandit ultrices,18-03-2024,08-04-2024
14,amet cursus,30-06-2024,10-03-2024
15,quis augue,05-03-2024,05-07-2024
16,vivamus vestibulum,20-05-2024,03-09-2024
17,sed sagittis nam congue,26-03-2024,03-06-2024
18,nibh quisque id justo,22-05-2024,05-05-2024
19,vestibulum eget vulputate ut,25-02-2024,18-03-2024
20,augue vel,26-07-2024,30-01-2024
21,pellentesque viverra pede ac,16-01-2024,07-04-2024
22,justo in blandit ultrices,12-06-2024,20-09-2024
23,lectus in,24-01-2024,08-05-2024
24,cras non velit nec,04-07-2024,04-09-2024
25,sem fusce,18-01-2024,28-06-2024
26,pellentesque viverra,05-04-2024,16-03-2024
27,et ultrices,10-02-2024,05-09-2024
28,massa donec dapibus,18-07-2024,17-07-2024
29,praesent id massa,26-04-2024,22-08-2024
30,mi integer,04-02-2024,01-07-2024
31,odio odio,02-06-2024,16-08-2024
32,odio odio elementum eu,28-05-2024,23-01-2024
33,sapien urna pretium nisl,10-04-2024,24-04-2024
34,pellentesque ultrices mattis odio,01-06-2024,27-09-2024
35,magna bibendum imperdiet nullam,30-07-2024,15-05-2024
36,non quam nec,12-05-2024,08-03-2024
37,sapien placerat,31-03-2024,13-01-2024
38,ipsum praesent blandit lacinia,24-07-2024,15-03-2024
39,viverra pede,22-01-2024,02-09-2024
40,enim leo,21-06-2024,18-02-2024
41,fusce consequat,08-05-2024,08-03-2024
42,quisque arcu libero,22-03-2024,27-06-2024
43,commodo placerat,04-07-2024,16-03-2024
44,quis libero nullam sit,02-05-2024,25-03-2024
45,lectus in quam fringilla,06-03-2024,17-08-2024
46,sed ante vivamus tortor,13-05-2024,21-09-2024
47,ut suscipit,25-01-2024,30-09-2024
48,nisl duis ac nibh,09-05-2024,04-09-2024
49,mi sit,12-04-2024,04-02-2024
50,suscipit a feugiat,18-05-2024,08-06-2024
